Workbook

Sheet Leia-me
A1: Tarefa: risco e retorno da empresa do seu grupo
A2: ED0139 Finanças Corporativas · 2026-2 · Prof. Sérgio Cardoso · entrega pelo SIGAA, prazo no ambiente
A5: O que fazer
A6: 1. Na aba Premissas, escreva o ticker da empresa do seu grupo na célula azul. Todo o resto do arquivo se ajusta sozinho.
A7: 2. Na aba Empresa, complete a coluna de retorno e o bloco de estatísticas.
A8: 3. Na aba Carteira, monte a carteira da sua empresa com o BOVA11 e complete os três termos da variância.
A9: 4. Ainda na aba Carteira, monte a coluna E, o retorno da carteira dia a dia, e aplique MÉDIA e DESVPAD.A nela.
A10: As duas diferenças no fim da aba têm de dar zero: é o mesmo número por dois caminhos.
A11: 5. Refaça a mesma conta no notebook em Python. Os dois resultados têm de bater até a segunda casa decimal.
A13: Legenda de cores
A14: Azul: você digita. Amarelo: você calcula. Preto: já vem pronto, não mexa.
A16: Atenção ao grupo da Hapvida
... A26: Preços sem ajuste por proventos: o retorno medido aqui é ganho de capital.

Sheet Premissas
A1: Premissas da tarefa
A2: Só as células em azul são entradas. Todo o resto é fórmula.
A4: Data-base do congelamento | B4: 46254 | C4: Último pregão da série. Nada depois disso entra na conta.
A5: Primeiro pregão da série | B5: 44428 | C5: Cinco anos completos.
A6: Pregões na série | B6: 1248 | C6: Preços. Os retornos são um a menos, porque o primeiro dia não tem anterior.
A7: Pregões por ano (anualização) | B7: 252 | C7: Convenção de mercado. Multiplica a média e é raiz para o desvio.
A8: Ticker da sua empresa | B8: ABEV3 | C8: Um destes: RAIL3, WEGE3, VALE3, ABEV3, BBSE3, B3SA3, LREN3, HAPV3
A9: Data ex do evento societário | B9: 1 | C9: Só o grupo da Hapvida preenche. Os demais deixam como está.
A10: Fator do evento | B10: 1 | C10: Hapvida: 15. Demais: 1.
A13: Fonte: B3, arquivos COTAHIST, acesso em 24 e 25/08/2026. Pacote congelado da disciplina.

Sheet Precos
A1: Fechamentos diários das oito empresas e do BOVA11
A2: Dados congelados. Não altere nada nesta aba.
A3: Data | B3: RAIL3 | C3: WEGE3 | D3: VALE3 | E3: ABEV3 | F3: BBSE3 | G3: B3SA3 | H3: LREN3 | I3: HAPV3 | J3: BOVA11
A4: 44428 | B4: 18.12 | C4: 35.98 | D4: 97.55 | E4: 17.54 | F4: 19.86 | G4: 14.2 | H4: 39.2 | I4: 15.53 | J4: 113.65
A5: 44431 | B5: 18.43 | C5: 35.75 | D5: 96.2 | E5: 17.36 | F5: 19.5 | G5: 13.65 | H5: 38.05 | I5: 15.2 | J5: 113.05
A6: 44432 | B6: 18.73 | C6: 35.66 | D6: 99.71 | E6: 17.59 | F6: 19.96 | G6: 13.9 | H6: 38.9 | I6: 15.28 | J6: 115.63
A7: 44433 | B7: 18.87 | C7: 36.38 | D7: 99.5 | E7: 17.58 | F7: 20.19 | G7: 13.99 | H7: 39.32 | I7: 15.28 | J7: 116.14
A8: 44434 | B8: 18.73 | C8: 36.77 | D8: 98.23 | E8: 17.11 | F8: 19.62 | G8: 13.66 | H8: 37.91 | I8: 14.96 | J8: 114.07
A9: 44435 | B9: 19.01 | C9: 36.9 | D9: 100.69 | E9: 17.04 | F9: 19.73 | G9: 13.94 | H9: 38.21 | I9: 14.85 | J9: 116.18
A10: 44438 | B10: 18.85 | C10: 36.68 | D10: 100.05 | E10: 17.18 | F10: 19.29 | G10: 13.7 | H10: 37.98 | I10: 14.81 | J10: 115.08
A11: 44439 | B11: 18.72 | C11: 35.56 | D11: 98.68 | E11: 17.1 | F11: 19.06 | G11: 14.07 | H11: 38.06 | I11: 14.72 | J11: 114.08
A12: 44440 | B12: 19.35 | C12: 36.29 | D12: 98.85 | E12: 17.26 | F12: 19.34 | G12: 14.43 | H12: 37.5 | I12: 14.92 | J12: 114.8
A13: 44441 | B13: 19.01 | C13: 35.74 | D13: 98.54 | E13: 16.52 | F13: 18.69 | G13: 14.07 | H13: 36.53 | I13: 14.71 | J13: 112.15
A14: 44442 | B14: 18.99 | C14: 36.25 | D14: 98.61 | E14: 16.56 | F14: 19.18 | G14: 14.05 | H14: 37.12 | I14: 14.89 | J14: 112.09
A15: 44445 | B15: 18.94 | C15: 36.38 | D15: 97.06 | E15: 17.19 | F15: 19.27 | G15: 14.32 | H15: 37.12 | I15: 15.16 | J15: 113.48
... A1251: 46254 | B1251: 13.89 | C1251: 48.4 | D1251: 74.02 | E1251: 14.9 | F1251: 36.55 | G1251: 14.34 | H1251: 10.5 | I1251: 6.09 | J1251: 165

Sheet Empresa
A1: A série da sua empresa
A2: A coluna B é escolhida pelo ticker da aba Premissas.
A3: Data | B3: Preço bruto | C3: Preço corrigido | D3: Retorno | E3: BOVA11 | F3: Retorno BOVA11
A4: =Precos!A4 | B4: =INDEX(Precos!$B4:$I4,MATCH(Premissas!$B$8,Precos!$B$3:$I$3,0)) | C4: =IF(AND(Premissas!$B$10>1,A4<Premissas!$B$9),B4*Premissas!$B$10,B4) | D4: sem retorno | E4: =Precos!J4 | F4: sem retorno
A5: =Precos!A5 | B5: =INDEX(Precos!$B5:$I5,MATCH(Premissas!$B$8,Precos!$B$3:$I$3,0)) | C5: =IF(AND(Premissas!$B$10>1,A5<Premissas!$B$9),B5*Premissas!$B$10,B5) | D5: =C5/C4-1 | E5: =Precos!J5 | F5: =E5/E4-1 | G5: exemplo já preenchido: copie a fórmula para baixo até o fim da série
A6: =Precos!A6 | B6: =INDEX(Precos!$B6:$I6,MATCH(Premissas!$B$8,Precos!$B$3:$I$3,0)) | C6: =IF(AND(Premissas!$B$10>1,A6<Premissas!$B$9),B6*Premissas!$B$10,B6) | E6: =Precos!J6
A7: =Precos!A7 | B7: =INDEX(Precos!$B7:$I7,MATCH(Premissas!$B$8,Precos!$B$3:$I$3,0)) | C7: =IF(AND(Premissas!$B$10>1,A7<Premissas!$B$9),B7*Premissas!$B$10,B7) | E7: =Precos!J7
A8: =Precos!A8 | B8: =INDEX(Precos!$B8:$I8,MATCH(Premissas!$B$8,Precos!$B$3:$I$3,0)) | C8: =IF(AND(Premissas!$B$10>1,A8<Premissas!$B$9),B8*Premissas!$B$10,B8) | E8: =Precos!J8
A9: =Precos!A9 | B9: =INDEX(Precos!$B9:$I9,MATCH(Premissas!$B$8,Precos!$B$3:$I$3,0)) | C9: =IF(AND(Premissas!$B$10>1,A9<Premissas!$B$9),B9*Premissas!$B$10,B9) | E9: =Precos!J9
A10: =Precos!A10 | B10: =INDEX(Precos!$B10:$I10,MATCH(Premissas!$B$8,Precos!$B$3:$I$3,0)) | C10: =IF(AND(Premissas!$B$10>1,A10<Premissas!$B$9),B10*Premissas!$B$10,B10) | E10: =Precos!J10
A11: =Precos!A11 | B11: =INDEX(Precos!$B11:$I11,MATCH(Premissas!$B$8,Precos!$B$3:$I$3,0)) | C11: =IF(AND(Premissas!$B$10>1,A11<Premissas!$B$9),B11*Premissas!$B$10,B11) | E11: =Precos!J11
A12: =Precos!A12 | B12: =INDEX(Precos!$B12:$I12,MATCH(Premissas!$B$8,Precos!$B$3:$I$3,0)) | C12: =IF(AND(Premissas!$B$10>1,A12<Premissas!$B$9),B12*Premissas!$B$10,B12) | E12: =Precos!J12
A13: =Precos!A13 | B13: =INDEX(Precos!$B13:$I13,MATCH(Premissas!$B$8,Precos!$B$3:$I$3,0)) | C13: =IF(AND(Premissas!$B$10>1,A13<Premissas!$B$9),B13*Premissas!$B$10,B13) | E13: =Precos!J13
A14: =Precos!A14 | B14: =INDEX(Precos!$B14:$I14,MATCH(Premissas!$B$8,Precos!$B$3:$I$3,0)) | C14: =IF(AND(Premissas!$B$10>1,A14<Premissas!$B$9),B14*Premissas!$B$10,B14) | E14: =Precos!J14
A15: =Precos!A15 | B15: =INDEX(Precos!$B15:$I15,MATCH(Premissas!$B$8,Precos!$B$3:$I$3,0)) | C15: =IF(AND(Premissas!$B$10>1,A15<Premissas!$B$9),B15*Premissas!$B$10,B15) | E15: =Precos!J15
A16: =Precos!A16 | B16: =INDEX(Precos!$B16:$I16,MATCH(Premissas!$B$8,Precos!$B$3:$I$3,0)) | C16: =IF(AND(Premissas!$B$10>1,A16<Premissas!$B$9),B16*Premissas!$B$10,B16) | E16: =Precos!J16
A17: =Precos!A17 | B17: =INDEX(Precos!$B17:$I17,MATCH(Premissas!$B$8,Precos!$B$3:$I$3,0)) | C17: =IF(AND(Premissas!$B$10>1,A17<Premissas!$B$9),B17*Premissas!$B$10,B17) | E17: =Precos!J17
... A1251: =Precos!A1251 | B1251: =INDEX(Precos!$B1251:$I1251,MATCH(Premissas!$B$8,Precos!$B$3:$I$3,0)) | C1251: =IF(AND(Premissas!$B$10>1,A1251<Premissas!$B$9),B1251*Premissas!$B$10,B1251) | E1251: =Precos!J1251

Sheet Resultado
A1: O que a série da sua empresa diz
A2: Complete as células amarelas.
A4: SUA EMPRESA | B4: =Premissas!B8 | E4: BOVA11 · o índice inteiro
A5: Estatísticas | E5: Estatísticas
A6: Observações (retornos) | B6: =COUNT(Empresa!D5:D1251) | E6: Observações (retornos) | F6: =COUNT(Empresa!F5:F1251)
A7: Retorno médio ao dia | E7: Retorno médio ao dia
A8: Variância ao dia | C8: no Excel: VAR.A | E8: Variância ao dia | G8: no Excel: VAR.A
A9: Desvio-padrão ao dia | C9: no Excel: DESVPAD.A | E9: Desvio-padrão ao dia | G9: no Excel: DESVPAD.A
A10: Retorno médio ao ano | C10: no Excel: MÉDIA | E10: Retorno médio ao ano | G10: no Excel: MÉDIA
A11: Desvio-padrão ao ano | E11: Desvio-padrão ao ano
A12: Coeficiente de variação | C12: sem sentido com retorno negativo | E12: Coeficiente de variação | G12: sem sentido com retorno negativo
E14: Compare o desvio do índice com o da sua empresa e comente em uma frase no notebook.

Sheet Carteira
A1: Sua empresa com o BOVA11
A2: Os três termos da variância, separados de propósito.
E3: Retorno da carteira
A4: Carteira com dois ativos
A5: Desvio ao ano · sua empresa | E5: =$B$9*Empresa!D5+$B$10*Empresa!F5 | F5: exemplo pronto: copie para baixo até o fim da série
A6: Desvio ao ano · BOVA11
A7: Covariância ao ano
A8: Correlação
A9: Peso em sua empresa | B9: 0.5 | C9: mude este peso e veja o desvio da carteira mudar
A10: Peso em BOVA11 | B10: =1-B9
A11: Termo 1: w1²σ1²
A12: Termo 2: w2²σ2²
A13: Termo 3: 2w1w2σ12 | C13: o único termo que pode ser negativo
A14: Variância da carteira
A15: Desvio da carteira ao ano
A16: Retorno da carteira ao ano
A17: O mesmo número pelo caminho longo | C17: a coluna E monta o retorno da carteira dia a dia; aqui só se aplica MÉDIA e DESVPAD.A nela
A18: Retorno ao ano, pela série
A19: Desvio ao ano, pela série
A20: Diferença no retorno | B20: =B18-$B$16 | C20: as duas diferenças têm de dar zero
A21: Diferença no desvio | B21: =B19-$B$15
A24: Pergunta para responder no notebook: o desvio da carteira ficou entre os dois? Por quê?
